Node;x;z;r
1;0.0;0.0;0.029626037037037038
2;0.026666666666666668;0.0;0.029626037037037034
